case_id,criterion,pull,argument
C-1,requirements,predictive,"Формат пакета описаний наказом, специфікація полів лежить у додатку, за півроку нових вимог не з'являлось"
C-1,technology,adaptive,"API реєстру запустили нещодавно, документація неповна, поведінка методів змінювалась двічі без оголошення"
C-1,release_cost,predictive,"Помилка у пакеті означає неприйняття звітності, припис від регулятора, виправлення робиться виключно вручну"
C-1,customer,predictive,"Контактна особа відповідає за 3-5 робочих днів, на демо не приходить і просила підсумок раз на етап"
C-1,contract,predictive,"Договір fixed price за тендером, будь-яка зміна обсягу оформлюється додатковою угодою та двома тижнями погоджень"
C-1,team,predictive,"Троє людей з підрядника працюють у своєму графіку в іншому місті, тестувальник ділиться на два різні проєкти"
C-2,requirements,adaptive,"Вимоги живуть гіпотезами, беклог переписується після інтерв'ю, річного плану функцій немає і не буде"
C-2,technology,predictive,"Стек звичний команді, зовнішній провайдер платежів має нормальну документацію, автоматичне розгортання та швидкий відкат"
C-2,release_cost,predictive,"Помилка в розрахунку комісії коштує дорого: повернення вручну, скарги, банк може переглянути умови обслуговування"
C-2,customer,adaptive,"Замовник-співзасновник сидить у тій самій кімнаті, дивиться демо щоп'ятниці, відповідає в чаті за півгодини"
C-2,contract,adaptive,"Зовнішнього договору немає, продукт власний, обсяг робіт не зафіксований, є лише бюджет інвестора на 9 місяців"
C-2,team,adaptive,"П'ятеро в одній кімнаті, тестують самі, можуть узяти будь-яку задачу, вузьких спеціалізацій немає"
C-3,requirements,adaptive,"Реальну послідовність знають три людини, на перших демо постійно з'ясовуються винятки для різних договорів"
C-3,technology,adaptive,"Дані треба перенести зі старої системи без документації, якість даних невідома, у 1/8 договорів порожні контрагенти"
C-3,release_cost,predictive,"Щомісячне нарахування йде в бухгалтерію і помилка виявляється вже після реальних платежів контрагентам"
C-3,customer,adaptive,"Керівниця юрвідділу зацікавлена, доступна раз на тиждень, приводить на демо своїх людей і дає зворотний зв'язок"
C-3,contract,predictive,"Договір fixed price, бюджет на рік не переглядається, зміна обсягу потребує підпису фінансового директора"
C-3,team,adaptive,"Четверо людей в одному офісі, працюють разом два роки, спокійно беруть суміжні задачі"